stat,height,width
mean,143.06564468983436,174.17545956479375
max,162.0,208.0
min,125.0,149.0
