stat,height,width
mean,143.417706688401,174.4682390097295
max,158.0,195.0
min,131.0,156.0
